category,automation_risk,skill_intensity
Coding,0.4886490828120037,4.3306248031255965
Reasoning,0.7261253632069032,1.1448372735544663
Creative,0.2947077629288102,3.0480493024011603
Technical,0.35450238393244327,6.0926290273564705
Data,0.28200893201147115,9.899100186729761
